{
  "coord": {
    "lon": 139,
    "lat": 35
  },
  "weather": [
    {
      "id": 803,
      "main": "Clouds",
      "description": "broken clouds",
      "icon": "04d"
    }
  ],
  "base": "stations",
  "main": {
    "temp": 281.26,
    "feels_like": 274.34,
    "temp_min": 280.37,
    "temp_max": 282.15,
    "pressure": 1021,
    "humidity": 100
  },
  "visibility": 8000,
  "wind": {
    "speed": 9.26,
    "deg": 30
  },
  "clouds": {
    "all": 75
  },
  "dt": 1615189883,
  "sys": {
    "type": 1,
    "id": 8070,
    "country": "JP",
    "sunrise": 1615151091,
    "sunset": 1615193108
  },
  "timezone": 32400,
  "id": 1851632,
  "name": "Shuzenji",
  "cod": 200
}